-- MySQL Script generated by MySQL Workbench
-- 04/02/17 22:01:06
-- Model: New Model    Version: 1.0
-- MySQL Workbench Forward Engineering

SET @OLD_UNIQUE_CHECKS=@@UNIQUE_CHECKS, UNIQUE_CHECKS=0;
SET @OLD_FOREIGN_KEY_CHECKS=@@FOREIGN_KEY_CHECKS, FOREIGN_KEY_CHECKS=0;
SET @OLD_SQL_MODE=@@SQL_MODE, SQL_MODE='TRADITIONAL,ALLOW_INVALID_DATES';

-- -----------------------------------------------------
-- Schema mydb
-- -----------------------------------------------------

-- -----------------------------------------------------
-- Schema mydb
-- -----------------------------------------------------
CREATE SCHEMA IF NOT EXISTS `mydb` DEFAULT CHARACTER SET utf8 ;
USE `mydb` ;

-- -----------------------------------------------------
-- Table `mydb`.`Accounts`
-- -----------------------------------------------------
CREATE TABLE IF NOT EXISTS `mydb`.`Accounts` (
  `User_Name` VARCHAR(20) NOT NULL,
  `Active` BIT(20) NOT NULL,
  `Password` VARCHAR(20) NOT NULL,
  `User_Role` VARCHAR(20) NOT NULL,
  PRIMARY KEY (`User_Name`))
ENGINE = InnoDB;


-- -----------------------------------------------------
-- Table `mydb`.`Orders`
-- -----------------------------------------------------
CREATE TABLE IF NOT EXISTS `mydb`.`Orders` (
  `ID` VARCHAR(50) NOT NULL,
  `Amount` DOUBLE NOT NULL,
  `Customer_Address` VARCHAR(255) NOT NULL,
  `Customer_Email` VARCHAR(128) NOT NULL,
  `Customer_Name` VARCHAR(255) NOT NULL,
  `Customer_Phone` VARCHAR(128) NOT NULL,
  `Order_Date` DATETIME(20) NOT NULL,
  `Order_Num` INT UNSIGNED NOT NULL,
  PRIMARY KEY (`ID`))
ENGINE = InnoDB;


-- -----------------------------------------------------
-- Table `mydb`.`Type_Tools`
-- -----------------------------------------------------
CREATE TABLE IF NOT EXISTS `mydb`.`Type_Tools` (
  `Type_ID` VARCHAR(50) NOT NULL,
  `TypeName` VARCHAR(150) NULL,
  PRIMARY KEY (`Type_ID`))
ENGINE = InnoDB;


-- -----------------------------------------------------
-- Table `mydb`.`Model`
-- -----------------------------------------------------
CREATE TABLE IF NOT EXISTS `mydb`.`Model` (
  `Model_ID` VARCHAR(50) NOT NULL,
  `Type_ID` VARCHAR(50) NOT NULL,
  `Model_Name` VARCHAR(150) NOT NULL,
  PRIMARY KEY (`Model_ID`),
  INDEX `Type_ID_idx` (`Type_ID` ASC),
  CONSTRAINT `Type_ID`
    FOREIGN KEY (`Type_ID`)
    REFERENCES `mydb`.`Type_Tools` (`Type_ID`)
    ON DELETE NO ACTION
    ON UPDATE NO ACTION)
ENGINE = InnoDB;


-- -----------------------------------------------------
-- Table `mydb`.`Tools`
-- -----------------------------------------------------
CREATE TABLE IF NOT EXISTS `mydb`.`Tools` (
  `Tools_ID` VARCHAR(50) NOT NULL,
  `Model_ID` VARCHAR(50) NOT NULL,
  `Type_ID` VARCHAR(50) NOT NULL,
  `Cost` INT NOT NULL,
  `Length` INT NOT NULL,
  `Height` INT NOT NULL,
  `Weight` INT NOT NULL,
  `Power` INT NOT NULL,
  `Speed` INT NOT NULL,
  PRIMARY KEY (`Tools_ID`),
  INDEX `Model_ID_idx` (`Model_ID` ASC),
  INDEX `Type_ID_idx` (`Type_ID` ASC),
  CONSTRAINT `Model_ID`
    FOREIGN KEY (`Model_ID`)
    REFERENCES `mydb`.`Model` (`Model_ID`)
    ON DELETE NO ACTION
    ON UPDATE NO ACTION,
  CONSTRAINT `Type_ID`
    FOREIGN KEY (`Type_ID`)
    REFERENCES `mydb`.`Type_Tools` (`Type_ID`)
    ON DELETE NO ACTION
    ON UPDATE NO ACTION)
ENGINE = InnoDB;


-- -----------------------------------------------------
-- Table `mydb`.`Order_Details`
-- -----------------------------------------------------
CREATE TABLE IF NOT EXISTS `mydb`.`Order_Details` (
  `ID` VARCHAR(50) NOT NULL,
  `Amount` DOUBLE NOT NULL,
  `Price` DOUBLE NOT NULL,
  `Quanity` INT NOT NULL,
  `ORDER_ID` VARCHAR(50) NOT NULL,
  `Tools_ID` VARCHAR(20) NOT NULL,
  PRIMARY KEY (`ID`),
  INDEX `Order_ID_idx` (`ORDER_ID` ASC),
  INDEX `Tools_ID_idx` (`Tools_ID` ASC),
  CONSTRAINT `Order_ID`
    FOREIGN KEY (`ORDER_ID`)
    REFERENCES `mydb`.`Orders` (`ID`)
    ON DELETE NO ACTION
    ON UPDATE NO ACTION,
  CONSTRAINT `Tools_ID`
    FOREIGN KEY (`Tools_ID`)
    REFERENCES `mydb`.`Tools` (`Tools_ID`)
    ON DELETE NO ACTION
    ON UPDATE NO ACTION)
ENGINE = InnoDB;


SET SQL_MODE=@OLD_SQL_MODE;
SET FOREIGN_KEY_CHECKS=@OLD_FOREIGN_KEY_CHECKS;
SET UNIQUE_CHECKS=@OLD_UNIQUE_CHECKS;

-- -----------------------------------------------------
-- Data for table `mydb`.`Accounts`
-- -----------------------------------------------------
START TRANSACTION;
USE `mydb`;
INSERT INTO `mydb`.`Accounts` (`User_Name`, `Active`, `Password`, `User_Role`) VALUES ('employee1', 1, '123', 'EMPLOYEE');
INSERT INTO `mydb`.`Accounts` (`User_Name`, `Active`, `Password`, `User_Role`) VALUES ('manager1', 1, '123', 'MANAGER');

COMMIT;


-- -----------------------------------------------------
-- Data for table `mydb`.`Type_Tools`
-- -----------------------------------------------------
START TRANSACTION;
USE `mydb`;
INSERT INTO `mydb`.`Type_Tools` (`Type_ID`, `TypeName`) VALUES ('T01', 'Bolgarki');
INSERT INTO `mydb`.`Type_Tools` (`Type_ID`, `TypeName`) VALUES ('T02', 'Shyrypoverti');
INSERT INTO `mydb`.`Type_Tools` (`Type_ID`, `TypeName`) VALUES ('T03', 'Lobziki');
INSERT INTO `mydb`.`Type_Tools` (`Type_ID`, `TypeName`) VALUES ('T04', 'Perforatori');
INSERT INTO `mydb`.`Type_Tools` (`Type_ID`, `TypeName`) VALUES ('T05', 'Frezeri');
INSERT INTO `mydb`.`Type_Tools` (`Type_ID`, `TypeName`) VALUES ('T06', 'Dreli');
INSERT INTO `mydb`.`Type_Tools` (`Type_ID`, `TypeName`) VALUES ('T07', 'Shtroborezi');

COMMIT;


-- -----------------------------------------------------
-- Data for table `mydb`.`Model`
-- -----------------------------------------------------
START TRANSACTION;
USE `mydb`;
INSERT INTO `mydb`.`Model` (`Model_ID`, `Type_ID`, `Model_Name`) VALUES ('M01', 'T01', 'Bosch GWS 850 CE');
INSERT INTO `mydb`.`Model` (`Model_ID`, `Type_ID`, `Model_Name`) VALUES ('M02', 'T01', 'Bosch GWS 1400');
INSERT INTO `mydb`.`Model` (`Model_ID`, `Type_ID`, `Model_Name`) VALUES ('M03', 'T01', 'Bosch GWS 15-125 CIE');
INSERT INTO `mydb`.`Model` (`Model_ID`, `Type_ID`, `Model_Name`) VALUES ('M04', 'T02', 'Bosch GSR 10.8 Li - 2');
INSERT INTO `mydb`.`Model` (`Model_ID`, `Type_ID`, `Model_Name`) VALUES ('M05', 'T02', 'Bosch GSR 1440 Li - 2');
INSERT INTO `mydb`.`Model` (`Model_ID`, `Type_ID`, `Model_Name`) VALUES ('M06', 'T02', 'Bosch GSR 1800 Li - 2');
INSERT INTO `mydb`.`Model` (`Model_ID`, `Type_ID`, `Model_Name`) VALUES ('M07', 'T03', 'Bosch PST 650');
INSERT INTO `mydb`.`Model` (`Model_ID`, `Type_ID`, `Model_Name`) VALUES ('M08', 'T03', 'Bosch PST 700');
INSERT INTO `mydb`.`Model` (`Model_ID`, `Type_ID`, `Model_Name`) VALUES ('M09', 'T03', 'Bosch PST 900 PEL');
INSERT INTO `mydb`.`Model` (`Model_ID`, `Type_ID`, `Model_Name`) VALUES ('M10', 'T04', 'Bosch GBH 2-24 DF');
INSERT INTO `mydb`.`Model` (`Model_ID`, `Type_ID`, `Model_Name`) VALUES ('M11', 'T04', 'Bosch GBH 2-26 DFR');
INSERT INTO `mydb`.`Model` (`Model_ID`, `Type_ID`, `Model_Name`) VALUES ('M12', 'T04', 'Bosch GBH 2-28 DRE');
INSERT INTO `mydb`.`Model` (`Model_ID`, `Type_ID`, `Model_Name`) VALUES ('M13', 'T05', 'Bosch POF 1200');
INSERT INTO `mydb`.`Model` (`Model_ID`, `Type_ID`, `Model_Name`) VALUES ('M14', 'T05', 'Bosch POF 1400 ACE');
INSERT INTO `mydb`.`Model` (`Model_ID`, `Type_ID`, `Model_Name`) VALUES ('M15', 'T05', 'Bosch GOF 1300 AC');
INSERT INTO `mydb`.`Model` (`Model_ID`, `Type_ID`, `Model_Name`) VALUES ('M16', 'T06', 'Bosch PSB 5000 RE');
INSERT INTO `mydb`.`Model` (`Model_ID`, `Type_ID`, `Model_Name`) VALUES ('M17', 'T06', 'Bosch PSB 650 RE');
INSERT INTO `mydb`.`Model` (`Model_ID`, `Type_ID`, `Model_Name`) VALUES ('M18', 'T06', 'Bosch PSB 850 RE');
INSERT INTO `mydb`.`Model` (`Model_ID`, `Type_ID`, `Model_Name`) VALUES ('M19', 'T07', 'Bosch GNF 35 CA');
INSERT INTO `mydb`.`Model` (`Model_ID`, `Type_ID`, `Model_Name`) VALUES ('M20', 'T07', 'Bosch GNF 20 CA');
INSERT INTO `mydb`.`Model` (`Model_ID`, `Type_ID`, `Model_Name`) VALUES ('M21', 'T07', 'Bosch GNF 65 A');

COMMIT;


-- -----------------------------------------------------
-- Data for table `mydb`.`Tools`
-- -----------------------------------------------------
START TRANSACTION;
USE `mydb`;
INSERT INTO `mydb`.`Tools` (`Tools_ID`, `Model_ID`, `Type_ID`, `Cost`, `Length`, `Height`, `Weight`, `Power`, `Speed`) VALUES ('S01', 'M01', 'T01', 138, 248, 50, 1900, 850, 11000);
INSERT INTO `mydb`.`Tools` (`Tools_ID`, `Model_ID`, `Type_ID`, `Cost`, `Length`, `Height`, `Weight`, `Power`, `Speed`) VALUES ('S02', 'M02', 'T02', 159, 258, 54, 2200, 1400, 13000);
INSERT INTO `mydb`.`Tools` (`Tools_ID`, `Model_ID`, `Type_ID`, `Cost`, `Length`, `Height`, `Weight`, `Power`, `Speed`) VALUES ('S03', 'M03', 'T03', 220, 259, 55, 2300, 1500, 15000);
INSERT INTO `mydb`.`Tools` (`Tools_ID`, `Model_ID`, `Type_ID`, `Cost`, `Length`, `Height`, `Weight`, `Power`, `Speed`) VALUES ('S04', 'M04', 'T04', 240, 249, 203, 900, 12, 1300);
INSERT INTO `mydb`.`Tools` (`Tools_ID`, `Model_ID`, `Type_ID`, `Cost`, `Length`, `Height`, `Weight`, `Power`, `Speed`) VALUES ('S05', 'M05', 'T05', 190, 258, 213, 1100, 14, 1400);
INSERT INTO `mydb`.`Tools` (`Tools_ID`, `Model_ID`, `Type_ID`, `Cost`, `Length`, `Height`, `Weight`, `Power`, `Speed`) VALUES ('S06', 'M06', 'T06', 200, 259, 214, 1150, 18, 1450);
INSERT INTO `mydb`.`Tools` (`Tools_ID`, `Model_ID`, `Type_ID`, `Cost`, `Length`, `Height`, `Weight`, `Power`, `Speed`) VALUES ('S07', 'M07', 'T07', 77, 248, 246, 1800, 650, 3100);
INSERT INTO `mydb`.`Tools` (`Tools_ID`, `Model_ID`, `Type_ID`, `Cost`, `Length`, `Height`, `Weight`, `Power`, `Speed`) VALUES ('S08', 'M08', 'T08', 90, 250, 248, 1900, 700, 3200);
INSERT INTO `mydb`.`Tools` (`Tools_ID`, `Model_ID`, `Type_ID`, `Cost`, `Length`, `Height`, `Weight`, `Power`, `Speed`) VALUES ('S09', 'M09', 'T09', 145, 265, 255, 2150, 900, 3400);
INSERT INTO `mydb`.`Tools` (`Tools_ID`, `Model_ID`, `Type_ID`, `Cost`, `Length`, `Height`, `Weight`, `Power`, `Speed`) VALUES ('S10', 'M10', 'T10', 245, 448, 208, 2900, 790, 950);
INSERT INTO `mydb`.`Tools` (`Tools_ID`, `Model_ID`, `Type_ID`, `Cost`, `Length`, `Height`, `Weight`, `Power`, `Speed`) VALUES ('S11', 'M11', 'T11', 277, 450, 215, 2900, 800, 900);
INSERT INTO `mydb`.`Tools` (`Tools_ID`, `Model_ID`, `Type_ID`, `Cost`, `Length`, `Height`, `Weight`, `Power`, `Speed`) VALUES ('S12', 'M12', 'T12', 311, 455, 220, 3100, 850, 900);
INSERT INTO `mydb`.`Tools` (`Tools_ID`, `Model_ID`, `Type_ID`, `Cost`, `Length`, `Height`, `Weight`, `Power`, `Speed`) VALUES ('S13', 'M13', 'T13', 143, 245, 185, 3400, 1200, 28000);
INSERT INTO `mydb`.`Tools` (`Tools_ID`, `Model_ID`, `Type_ID`, `Cost`, `Length`, `Height`, `Weight`, `Power`, `Speed`) VALUES ('S14', 'M14', 'T14', 224, 250, 190, 3500, 1400, 28000);
INSERT INTO `mydb`.`Tools` (`Tools_ID`, `Model_ID`, `Type_ID`, `Cost`, `Length`, `Height`, `Weight`, `Power`, `Speed`) VALUES ('S15', 'M15', 'T15', 683, 265, 220, 4800, 1300, 24000);
INSERT INTO `mydb`.`Tools` (`Tools_ID`, `Model_ID`, `Type_ID`, `Cost`, `Length`, `Height`, `Weight`, `Power`, `Speed`) VALUES ('S16', 'M16', 'T16', 71, 260, 180, 1500, 500, 3000);
INSERT INTO `mydb`.`Tools` (`Tools_ID`, `Model_ID`, `Type_ID`, `Cost`, `Length`, `Height`, `Weight`, `Power`, `Speed`) VALUES ('S17', 'M17', 'T17', 115, 270, 190, 1700, 650, 3000);
INSERT INTO `mydb`.`Tools` (`Tools_ID`, `Model_ID`, `Type_ID`, `Cost`, `Length`, `Height`, `Weight`, `Power`, `Speed`) VALUES ('S18', 'M18', 'T18', 189, 300, 220, 2500, 850, 2800);
INSERT INTO `mydb`.`Tools` (`Tools_ID`, `Model_ID`, `Type_ID`, `Cost`, `Length`, `Height`, `Weight`, `Power`, `Speed`) VALUES ('S19', 'M19', 'T19', 1084, 420, 380, 4700, 1400, 9300);
INSERT INTO `mydb`.`Tools` (`Tools_ID`, `Model_ID`, `Type_ID`, `Cost`, `Length`, `Height`, `Weight`, `Power`, `Speed`) VALUES ('S20', 'M20', 'T20', 703, 400, 360, 3400, 900, 9300);
INSERT INTO `mydb`.`Tools` (`Tools_ID`, `Model_ID`, `Type_ID`, `Cost`, `Length`, `Height`, `Weight`, `Power`, `Speed`) VALUES ('S21', 'M21', 'T21', 1210, 440, 420, 8400, 2400, 5000);

COMMIT;

